sex,Predicted_age,Weekday,TimeOfDay,mean
F,18,Saturday,Night,65.0
F,18,Thursday,Eve,65.0
F,19,Thursday,Eve,65.0
F,19,Thursday,Night,10.0
F,19,Wednesday,Night,52.0
F,20,Friday,Night,65.0
F,20,Thursday,Night,37.5
F,20,Tuesday,Night,17.0
F,21,Monday,Eve,65.0
F,21,Thursday,Noon,94.0
F,21,Wednesday,Eve,65.0
F,22,Sunday,Night,66.0
F,22,Sunday,Noon,66.0
F,22,Wednesday,Night,65.0
F,23,Friday,Eve,65.0
F,23,Saturday,Night,65.0
F,24,Monday,Morning,65.0
F,24,Sunday,Noon,66.0
F,24,Tuesday,Eve,65.0
F,25,Friday,Eve,65.0
F,25,Monday,Eve,65.0
F,25,Monday,Morning,65.0
F,25,Monday,Night,46.666666666666664
F,25,Saturday,Morning,77.0
F,25,Saturday,Night,65.0
F,25,Sunday,Eve,65.0
F,25,Thursday,Eve,65.0
F,25,Thursday,Night,53.333333333333336
F,25,Thursday,Noon,65.0
F,25,Tuesday,Night,65.0
F,25,Wednesday,Eve,58.0
F,25,Wednesday,Night,65.0
F,25,Wednesday,Noon,52.0
F,26,Friday,Eve,56.8235294117647
F,26,Friday,Morning,55.666666666666664
F,26,Friday,Night,57.25
F,26,Friday,Noon,55.18181818181818
F,26,Monday,Eve,61.5
F,26,Monday,Morning,46.57142857142857
F,26,Monday,Night,54.18181818181818
F,26,Monday,Noon,49.57142857142857
F,26,Saturday,Eve,55.833333333333336
F,26,Saturday,Morning,47.0
F,26,Saturday,Night,68.19047619047619
F,26,Saturday,Noon,57.25
F,26,Sunday,Eve,61.0
F,26,Sunday,Morning,64.45454545454545
F,26,Sunday,Night,64.27272727272727
F,26,Sunday,Noon,61.625
F,26,Thursday,Eve,65.2
F,26,Thursday,Morning,48.125
F,26,Thursday,Night,61.31428571428572
F,26,Thursday,Noon,55.4
F,26,Tuesday,Eve,62.9
F,26,Tuesday,Morning,41.5
F,26,Tuesday,Night,58.96666666666667
F,26,Tuesday,Noon,52.23076923076923
F,26,Wednesday,Eve,55.1578947368421
F,26,Wednesday,Morning,43.111111111111114
F,26,Wednesday,Night,63.705882352941174
F,26,Wednesday,Noon,59.9
F,27,Friday,Eve,54.54545454545455
F,27,Friday,Morning,54.375
F,27,Friday,Night,63.05
F,27,Friday,Noon,59.8
F,27,Monday,Eve,66.44444444444444
F,27,Monday,Morning,51.75
F,27,Monday,Night,48.607142857142854
F,27,Monday,Noon,54.68421052631579
F,27,Saturday,Eve,64.5
F,27,Saturday,Morning,52.0
F,27,Saturday,Night,62.142857142857146
F,27,Saturday,Noon,51.833333333333336
F,27,Sunday,Eve,65.4
F,27,Sunday,Morning,65.2
F,27,Sunday,Night,64.5
F,27,Sunday,Noon,68.0
F,27,Thursday,Eve,61.375
F,27,Thursday,Morning,60.36363636363637
F,27,Thursday,Night,61.46341463414634
F,27,Thursday,Noon,60.625
F,27,Tuesday,Eve,62.666666666666664
F,27,Tuesday,Morning,44.55555555555556
F,27,Tuesday,Night,57.885714285714286
F,27,Tuesday,Noon,58.0
F,27,Wednesday,Eve,61.1
F,27,Wednesday,Morning,54.333333333333336
F,27,Wednesday,Night,62.125
F,27,Wednesday,Noon,53.733333333333334
F,28,Friday,Eve,50.38095238095238
F,28,Friday,Morning,49.111111111111114
F,28,Friday,Night,63.375
F,28,Friday,Noon,56.333333333333336
F,28,Monday,Eve,56.541666666666664
F,28,Monday,Morning,56.166666666666664
F,28,Monday,Night,53.94117647058823
F,28,Monday,Noon,55.22222222222222
F,28,Saturday,Eve,54.09090909090909
F,28,Saturday,Morning,60.6
F,28,Saturday,Night,69.0952380952381
F,28,Saturday,Noon,55.69230769230769
F,28,Sunday,Eve,60.833333333333336
F,28,Sunday,Morning,65.5625
F,28,Sunday,Night,71.17241379310344
F,28,Sunday,Noon,62.375
F,28,Thursday,Eve,58.333333333333336
F,28,Thursday,Morning,63.857142857142854
F,28,Thursday,Night,57.432432432432435
F,28,Thursday,Noon,40.23076923076923
F,28,Tuesday,Eve,56.888888888888886
F,28,Tuesday,Morning,52.76923076923077
F,28,Tuesday,Night,52.8780487804878
F,28,Tuesday,Noon,51.8
F,28,Wednesday,Eve,61.529411764705884
F,28,Wednesday,Morning,67.0
F,28,Wednesday,Night,63.61538461538461
F,28,Wednesday,Noon,56.61538461538461
F,29,Friday,Eve,57.76923076923077
F,29,Friday,Morning,45.166666666666664
F,29,Friday,Night,63.04
F,29,Friday,Noon,54.833333333333336
F,29,Monday,Eve,61.18518518518518
F,29,Monday,Morning,52.785714285714285
F,29,Monday,Night,57.61290322580645
F,29,Monday,Noon,50.89473684210526
F,29,Saturday,Eve,54.166666666666664
F,29,Saturday,Morning,49.4
F,29,Saturday,Night,64.53846153846153
F,29,Saturday,Noon,59.4
F,29,Sunday,Eve,72.83333333333333
F,29,Sunday,Morning,66.85714285714286
F,29,Sunday,Night,61.096774193548384
F,29,Sunday,Noon,65.0
F,29,Thursday,Eve,63.23076923076923
F,29,Thursday,Morning,54.0
F,29,Thursday,Night,65.89655172413794
F,29,Thursday,Noon,44.0
F,29,Tuesday,Eve,65.84615384615384
F,29,Tuesday,Morning,40.333333333333336
F,29,Tuesday,Night,54.60526315789474
F,29,Tuesday,Noon,47.1578947368421
F,29,Wednesday,Eve,52.9
F,29,Wednesday,Morning,66.85714285714286
F,29,Wednesday,Night,66.93023255813954
F,29,Wednesday,Noon,59.57142857142857
F,30,Friday,Eve,53.77777777777778
F,30,Friday,Morning,57.4
F,30,Friday,Night,55.54545454545455
F,30,Friday,Noon,54.9
F,30,Monday,Eve,62.407407407407405
F,30,Monday,Morning,61.714285714285715
F,30,Monday,Night,56.24242424242424
F,30,Monday,Noon,50.10526315789474
F,30,Saturday,Eve,60.875
F,30,Saturday,Morning,52.0
F,30,Saturday,Night,61.04761904761905
F,30,Saturday,Noon,53.0
F,30,Sunday,Eve,65.3076923076923
F,30,Sunday,Morning,65.0
F,30,Sunday,Night,53.391304347826086
F,30,Sunday,Noon,67.85714285714286
F,30,Thursday,Eve,54.8421052631579
F,30,Thursday,Morning,56.0
F,30,Thursday,Night,57.18421052631579
F,30,Thursday,Noon,44.588235294117645
F,30,Tuesday,Eve,61.8235294117647
F,30,Tuesday,Morning,66.16666666666667
F,30,Tuesday,Night,59.86046511627907
F,30,Tuesday,Noon,46.166666666666664
F,30,Wednesday,Eve,64.8125
F,30,Wednesday,Morning,63.4
F,30,Wednesday,Night,62.04347826086956
F,30,Wednesday,Noon,53.0
F,31,Friday,Eve,47.095238095238095
F,31,Friday,Morning,56.8
F,31,Friday,Night,61.5
F,31,Friday,Noon,53.3
F,31,Monday,Eve,63.916666666666664
F,31,Monday,Morning,51.57142857142857
F,31,Monday,Night,58.696969696969695
F,31,Monday,Noon,51.23076923076923
F,31,Saturday,Eve,54.857142857142854
F,31,Saturday,Morning,61.875
F,31,Saturday,Night,63.925925925925924
F,31,Saturday,Noon,53.0
F,31,Sunday,Eve,63.45454545454545
F,31,Sunday,Morning,53.22222222222222
F,31,Sunday,Night,61.724137931034484
F,31,Sunday,Noon,61.55555555555556
F,31,Thursday,Eve,65.73333333333333
F,31,Thursday,Morning,54.8
F,31,Thursday,Night,62.205882352941174
F,31,Thursday,Noon,60.142857142857146
F,31,Tuesday,Eve,64.89473684210526
F,31,Tuesday,Morning,49.57142857142857
F,31,Tuesday,Night,58.857142857142854
F,31,Tuesday,Noon,61.1
F,31,Wednesday,Eve,61.27272727272727
F,31,Wednesday,Morning,63.09090909090909
F,31,Wednesday,Night,61.0
F,31,Wednesday,Noon,51.0
F,32,Friday,Eve,58.241379310344826
F,32,Friday,Morning,58.0
F,32,Friday,Night,60.107142857142854
F,32,Friday,Noon,67.45454545454545
F,32,Monday,Eve,53.93333333333333
F,32,Monday,Morning,74.0
F,32,Monday,Night,59.25714285714286
F,32,Monday,Noon,52.06666666666667
F,32,Saturday,Eve,57.54545454545455
F,32,Saturday,Morning,74.66666666666667
F,32,Saturday,Night,63.2
F,32,Saturday,Noon,55.666666666666664
F,32,Sunday,Eve,60.0
F,32,Sunday,Morning,65.75
F,32,Sunday,Night,66.3
F,32,Sunday,Noon,65.125
F,32,Thursday,Eve,59.76470588235294
F,32,Thursday,Morning,63.75
F,32,Thursday,Night,50.44117647058823
F,32,Thursday,Noon,52.166666666666664
F,32,Tuesday,Eve,62.8235294117647
F,32,Tuesday,Morning,41.09090909090909
F,32,Tuesday,Night,56.15625
F,32,Tuesday,Noon,52.25
F,32,Wednesday,Eve,65.9090909090909
F,32,Wednesday,Morning,52.5
F,32,Wednesday,Night,65.76470588235294
F,32,Wednesday,Noon,57.5
F,33,Friday,Eve,58.81818181818182
F,33,Friday,Morning,55.0
F,33,Friday,Night,59.708333333333336
F,33,Friday,Noon,56.90909090909091
F,33,Monday,Eve,57.23076923076923
F,33,Monday,Morning,44.0
F,33,Monday,Night,58.926829268292686
F,33,Monday,Noon,46.529411764705884
F,33,Saturday,Eve,61.6
F,33,Saturday,Morning,62.25
F,33,Saturday,Night,65.31818181818181
F,33,Saturday,Noon,62.388888888888886
F,33,Sunday,Eve,65.0
F,33,Sunday,Morning,61.142857142857146
F,33,Sunday,Night,65.54838709677419
F,33,Sunday,Noon,70.16666666666667
F,33,Thursday,Eve,65.0909090909091
F,33,Thursday,Morning,65.0
F,33,Thursday,Night,58.275862068965516
F,33,Thursday,Noon,50.0
F,33,Tuesday,Eve,60.22222222222222
F,33,Tuesday,Morning,50.18181818181818
F,33,Tuesday,Night,57.108108108108105
F,33,Tuesday,Noon,48.46153846153846
F,33,Wednesday,Eve,57.52173913043478
F,33,Wednesday,Morning,57.45454545454545
F,33,Wednesday,Night,58.705882352941174
F,33,Wednesday,Noon,52.0
F,34,Friday,Eve,56.523809523809526
F,34,Friday,Morning,42.75
F,34,Friday,Night,64.34482758620689
F,34,Friday,Noon,49.916666666666664
F,34,Monday,Eve,64.42105263157895
F,34,Monday,Morning,43.9
F,34,Monday,Night,53.62068965517241
F,34,Monday,Noon,57.57142857142857
F,34,Saturday,Eve,54.30769230769231
F,34,Saturday,Morning,56.583333333333336
F,34,Saturday,Night,57.357142857142854
F,34,Saturday,Noon,56.714285714285715
F,34,Sunday,Eve,60.111111111111114
F,34,Sunday,Morning,63.77777777777778
F,34,Sunday,Night,55.470588235294116
F,34,Sunday,Noon,65.33333333333333
F,34,Thursday,Eve,58.333333333333336
F,34,Thursday,Morning,61.875
F,34,Thursday,Night,59.5609756097561
F,34,Thursday,Noon,57.18181818181818
F,34,Tuesday,Eve,67.92857142857143
F,34,Tuesday,Morning,53.714285714285715
F,34,Tuesday,Night,55.03225806451613
F,34,Tuesday,Noon,52.0
F,34,Wednesday,Eve,57.82608695652174
F,34,Wednesday,Morning,58.583333333333336
F,34,Wednesday,Night,58.075
F,34,Wednesday,Noon,58.166666666666664
F,35,Friday,Eve,59.23076923076923
F,35,Friday,Morning,48.6
F,35,Friday,Night,60.375
F,35,Friday,Noon,71.4
F,35,Monday,Eve,62.5
F,35,Monday,Morning,45.57142857142857
F,35,Monday,Night,71.61538461538461
F,35,Monday,Noon,44.5
F,35,Saturday,Eve,54.6
F,35,Saturday,Morning,55.63636363636363
F,35,Saturday,Night,62.09090909090909
F,35,Saturday,Noon,56.45
F,35,Sunday,Eve,62.4
F,35,Sunday,Morning,68.44444444444444
F,35,Sunday,Night,63.0
F,35,Sunday,Noon,60.46153846153846
F,35,Thursday,Eve,58.833333333333336
F,35,Thursday,Morning,65.4
F,35,Thursday,Night,66.46341463414635
F,35,Thursday,Noon,46.55555555555556
F,35,Tuesday,Eve,59.833333333333336
F,35,Tuesday,Morning,34.2
F,35,Tuesday,Night,58.121212121212125
F,35,Tuesday,Noon,55.84615384615385
F,35,Wednesday,Eve,51.75
F,35,Wednesday,Morning,52.81818181818182
F,35,Wednesday,Night,63.19444444444444
F,35,Wednesday,Noon,54.142857142857146
F,36,Friday,Eve,54.125
F,36,Friday,Morning,58.0
F,36,Friday,Night,64.16666666666667
F,36,Friday,Noon,68.75
F,36,Monday,Eve,73.5
F,36,Monday,Morning,56.09090909090909
F,36,Monday,Night,60.333333333333336
F,36,Monday,Noon,58.2
F,36,Saturday,Eve,63.0
F,36,Saturday,Morning,51.2
F,36,Saturday,Night,68.84615384615384
F,36,Saturday,Noon,54.2
F,36,Sunday,Eve,46.666666666666664
F,36,Sunday,Morning,37.75
F,36,Sunday,Night,61.53846153846154
F,36,Sunday,Noon,60.25
F,36,Thursday,Eve,55.833333333333336
F,36,Thursday,Morning,57.77777777777778
F,36,Thursday,Night,57.733333333333334
F,36,Thursday,Noon,45.583333333333336
F,36,Tuesday,Eve,68.625
F,36,Tuesday,Morning,94.0
F,36,Tuesday,Night,55.0
F,36,Tuesday,Noon,64.0
F,36,Wednesday,Eve,37.8
F,36,Wednesday,Morning,13.5
F,36,Wednesday,Night,58.4375
F,36,Wednesday,Noon,65.0
F,37,Friday,Eve,58.833333333333336
F,37,Friday,Morning,61.333333333333336
F,37,Friday,Night,64.75
F,37,Friday,Noon,60.0
F,37,Monday,Eve,60.25
F,37,Monday,Morning,59.666666666666664
F,37,Monday,Night,54.529411764705884
F,37,Monday,Noon,46.3
F,37,Saturday,Eve,63.5
F,37,Saturday,Morning,56.2
F,37,Saturday,Night,64.5
F,37,Saturday,Noon,58.27272727272727
F,37,Sunday,Eve,65.33333333333333
F,37,Sunday,Morning,37.5
F,37,Sunday,Night,60.90909090909091
F,37,Sunday,Noon,65.0
F,37,Thursday,Eve,65.0
F,37,Thursday,Morning,53.57142857142857
F,37,Thursday,Night,60.69230769230769
F,37,Thursday,Noon,69.0
F,37,Tuesday,Eve,65.0
F,37,Tuesday,Morning,62.0
F,37,Tuesday,Night,65.0
F,37,Tuesday,Noon,54.0
F,37,Wednesday,Eve,61.166666666666664
F,37,Wednesday,Morning,50.4
F,37,Wednesday,Night,57.81818181818182
F,37,Wednesday,Noon,61.4
F,38,Friday,Eve,74.0
F,38,Friday,Morning,65.0
F,38,Friday,Night,68.375
F,38,Friday,Noon,40.0
F,38,Monday,Eve,66.75
F,38,Monday,Morning,63.5
F,38,Monday,Night,58.333333333333336
F,38,Monday,Noon,42.666666666666664
F,38,Saturday,Eve,58.666666666666664
F,38,Saturday,Morning,47.0
F,38,Saturday,Night,57.0
F,38,Saturday,Noon,53.0
F,38,Sunday,Eve,65.0
F,38,Sunday,Morning,65.0
F,38,Sunday,Night,52.0
F,38,Sunday,Noon,46.5
F,38,Thursday,Eve,55.5
F,38,Thursday,Morning,60.0
F,38,Thursday,Night,57.148148148148145
F,38,Thursday,Noon,43.733333333333334
F,38,Tuesday,Eve,58.4
F,38,Tuesday,Morning,61.5
F,38,Tuesday,Night,64.11111111111111
F,38,Tuesday,Noon,58.0
F,38,Wednesday,Eve,61.77777777777778
F,38,Wednesday,Morning,39.0
F,38,Wednesday,Night,52.54545454545455
F,38,Wednesday,Noon,64.6
F,39,Friday,Eve,59.18181818181818
F,39,Friday,Morning,65.0
F,39,Friday,Night,60.36842105263158
F,39,Friday,Noon,73.0
F,39,Monday,Eve,43.5
F,39,Monday,Morning,37.5
F,39,Monday,Night,50.5
F,39,Monday,Noon,58.666666666666664
F,39,Saturday,Eve,58.125
F,39,Saturday,Morning,56.333333333333336
F,39,Saturday,Night,65.25
F,39,Saturday,Noon,62.5
F,39,Sunday,Eve,46.666666666666664
F,39,Sunday,Morning,65.33333333333333
F,39,Sunday,Night,65.18181818181819
F,39,Sunday,Noon,65.0
F,39,Thursday,Eve,54.6
F,39,Thursday,Morning,58.666666666666664
F,39,Thursday,Night,62.89655172413793
F,39,Thursday,Noon,55.916666666666664
F,39,Tuesday,Eve,69.44444444444444
F,39,Tuesday,Morning,46.0
F,39,Tuesday,Night,49.53333333333333
F,39,Tuesday,Noon,65.0
F,39,Wednesday,Eve,64.55555555555556
F,39,Wednesday,Morning,10.0
F,39,Wednesday,Night,59.714285714285715
F,39,Wednesday,Noon,47.714285714285715
F,40,Friday,Eve,61.09090909090909
F,40,Friday,Morning,66.25
F,40,Friday,Night,67.04761904761905
F,40,Friday,Noon,77.2
F,40,Monday,Eve,63.111111111111114
F,40,Monday,Morning,66.0
F,40,Monday,Night,54.85
F,40,Monday,Noon,65.1
F,40,Saturday,Eve,55.57142857142857
F,40,Saturday,Morning,58.666666666666664
F,40,Saturday,Night,58.416666666666664
F,40,Saturday,Noon,48.857142857142854
F,40,Sunday,Eve,57.142857142857146
F,40,Sunday,Morning,65.0
F,40,Sunday,Night,64.22222222222223
F,40,Sunday,Noon,65.25
F,40,Thursday,Eve,57.875
F,40,Thursday,Morning,52.666666666666664
F,40,Thursday,Night,52.6875
F,40,Thursday,Noon,56.625
F,40,Tuesday,Eve,65.75
F,40,Tuesday,Morning,69.0
F,40,Tuesday,Night,55.90909090909091
F,40,Tuesday,Noon,50.5
F,40,Wednesday,Eve,61.75
F,40,Wednesday,Morning,52.333333333333336
F,40,Wednesday,Night,59.625
F,40,Wednesday,Noon,71.2
F,41,Friday,Eve,53.42857142857143
F,41,Friday,Morning,66.33333333333333
F,41,Friday,Night,63.22222222222222
F,41,Friday,Noon,44.333333333333336
F,41,Monday,Eve,55.875
F,41,Monday,Morning,28.333333333333332
F,41,Monday,Night,50.25
F,41,Monday,Noon,63.375
F,41,Saturday,Eve,64.25
F,41,Saturday,Morning,65.0
F,41,Saturday,Night,62.857142857142854
F,41,Saturday,Noon,57.30769230769231
F,41,Sunday,Eve,49.0
F,41,Sunday,Morning,65.2
F,41,Sunday,Night,46.57142857142857
F,41,Sunday,Noon,46.666666666666664
F,41,Thursday,Eve,61.57142857142857
F,41,Thursday,Morning,65.83333333333333
F,41,Thursday,Night,61.72222222222222
F,41,Thursday,Noon,49.416666666666664
F,41,Tuesday,Eve,65.0
F,41,Tuesday,Morning,60.0
F,41,Tuesday,Night,64.05555555555556
F,41,Tuesday,Noon,57.75
F,41,Wednesday,Eve,67.125
F,41,Wednesday,Morning,86.0
F,41,Wednesday,Night,68.05555555555556
F,41,Wednesday,Noon,60.2
F,42,Friday,Eve,52.0
F,42,Friday,Morning,64.0
F,42,Friday,Night,55.0
F,42,Friday,Noon,53.5
F,42,Monday,Eve,60.0
F,42,Monday,Morning,62.54545454545455
F,42,Monday,Night,52.30769230769231
F,42,Monday,Noon,59.666666666666664
F,42,Saturday,Eve,59.642857142857146
F,42,Saturday,Morning,66.75
F,42,Saturday,Night,62.18181818181818
F,42,Saturday,Noon,51.2
F,42,Sunday,Eve,74.66666666666667
F,42,Sunday,Morning,65.0
F,42,Sunday,Night,66.0
F,42,Sunday,Noon,65.0
F,42,Thursday,Eve,55.57142857142857
F,42,Thursday,Morning,68.75
F,42,Thursday,Night,66.0
F,42,Thursday,Noon,51.75
F,42,Tuesday,Eve,66.0
F,42,Tuesday,Morning,37.75
F,42,Tuesday,Night,57.666666666666664
F,42,Tuesday,Noon,49.5
F,42,Wednesday,Eve,53.4
F,42,Wednesday,Morning,66.33333333333333
F,42,Wednesday,Night,56.8
F,42,Wednesday,Noon,76.0
F,43,Friday,Eve,59.266666666666666
F,43,Friday,Morning,62.5
F,43,Friday,Night,60.57142857142857
F,43,Friday,Noon,55.6
F,43,Monday,Eve,61.833333333333336
F,43,Monday,Morning,61.2
F,43,Monday,Night,58.583333333333336
F,43,Monday,Noon,72.6
F,43,Saturday,Eve,63.111111111111114
F,43,Saturday,Morning,10.0
F,43,Saturday,Night,69.85714285714286
F,43,Saturday,Noon,56.6
F,43,Sunday,Eve,65.0
F,43,Sunday,Morning,65.0
F,43,Sunday,Night,58.857142857142854
F,43,Sunday,Noon,55.0
F,43,Thursday,Eve,58.666666666666664
F,43,Thursday,Morning,54.0
F,43,Thursday,Night,63.578947368421055
F,43,Thursday,Noon,37.833333333333336
F,43,Tuesday,Eve,72.5
F,43,Tuesday,Morning,36.0
F,43,Tuesday,Night,59.57142857142857
F,43,Tuesday,Noon,56.2
F,43,Wednesday,Eve,67.0
F,43,Wednesday,Morning,40.0
F,43,Wednesday,Night,64.10526315789474
F,43,Wednesday,Noon,79.5
F,44,Friday,Eve,56.63636363636363
F,44,Friday,Morning,60.0
F,44,Friday,Night,64.0
F,44,Friday,Noon,54.166666666666664
F,44,Monday,Eve,57.857142857142854
F,44,Monday,Morning,58.888888888888886
F,44,Monday,Night,48.785714285714285
F,44,Monday,Noon,60.3
F,44,Saturday,Eve,58.666666666666664
F,44,Saturday,Morning,67.66666666666667
F,44,Saturday,Night,66.07142857142857
F,44,Saturday,Noon,40.0
F,44,Sunday,Eve,25.0
F,44,Sunday,Morning,65.0
F,44,Sunday,Night,61.8
F,44,Sunday,Noon,60.833333333333336
F,44,Thursday,Eve,55.833333333333336
F,44,Thursday,Morning,68.42857142857143
F,44,Thursday,Night,61.357142857142854
F,44,Thursday,Noon,52.0
F,44,Tuesday,Eve,53.5
F,44,Tuesday,Morning,36.5
F,44,Tuesday,Night,55.9
F,44,Tuesday,Noon,51.5
F,44,Wednesday,Eve,73.2
F,44,Wednesday,Morning,65.0
F,44,Wednesday,Night,56.916666666666664
F,44,Wednesday,Noon,40.0
F,45,Friday,Eve,61.7
F,45,Friday,Morning,61.0
F,45,Friday,Night,67.61111111111111
F,45,Friday,Noon,60.4
F,45,Monday,Eve,63.333333333333336
F,45,Monday,Morning,47.0
F,45,Monday,Night,40.2
F,45,Monday,Noon,59.6
F,45,Saturday,Eve,64.3
F,45,Saturday,Morning,65.0
F,45,Saturday,Night,49.25
F,45,Saturday,Noon,62.833333333333336
F,45,Sunday,Eve,45.0
F,45,Sunday,Morning,65.0
F,45,Sunday,Night,65.0
F,45,Sunday,Noon,65.0
F,45,Thursday,Eve,52.666666666666664
F,45,Thursday,Morning,61.333333333333336
F,45,Thursday,Night,65.4375
F,45,Thursday,Noon,69.0
F,45,Tuesday,Eve,66.3
F,45,Tuesday,Morning,53.666666666666664
F,45,Tuesday,Night,62.75
F,45,Tuesday,Noon,58.666666666666664
F,45,Wednesday,Eve,62.57142857142857
F,45,Wednesday,Morning,55.5
F,45,Wednesday,Night,56.111111111111114
F,45,Wednesday,Noon,60.25
F,46,Friday,Eve,59.75
F,46,Friday,Morning,64.5
F,46,Friday,Night,62.05555555555556
F,46,Friday,Noon,58.111111111111114
F,46,Monday,Eve,67.0
F,46,Monday,Morning,40.25
F,46,Monday,Night,57.611111111111114
F,46,Monday,Noon,38.3
F,46,Saturday,Eve,68.33333333333333
F,46,Saturday,Morning,57.25
F,46,Saturday,Night,62.5
F,46,Saturday,Noon,54.125
F,46,Sunday,Eve,74.0
F,46,Sunday,Morning,70.0
F,46,Sunday,Night,61.642857142857146
F,46,Sunday,Noon,61.0
F,46,Thursday,Eve,64.5
F,46,Thursday,Morning,43.5
F,46,Thursday,Night,61.588235294117645
F,46,Thursday,Noon,59.0
F,46,Tuesday,Eve,65.0
F,46,Tuesday,Morning,52.8
F,46,Tuesday,Night,55.214285714285715
F,46,Tuesday,Noon,56.25
F,46,Wednesday,Eve,64.85714285714286
F,46,Wednesday,Morning,46.666666666666664
F,46,Wednesday,Night,60.55555555555556
F,46,Wednesday,Noon,46.666666666666664
F,47,Friday,Eve,56.81818181818182
F,47,Friday,Morning,55.8
F,47,Friday,Night,58.0
F,47,Friday,Noon,68.33333333333333
F,47,Monday,Eve,56.142857142857146
F,47,Monday,Morning,65.0
F,47,Monday,Night,55.714285714285715
F,47,Monday,Noon,55.4
F,47,Saturday,Eve,62.44444444444444
F,47,Saturday,Morning,48.333333333333336
F,47,Saturday,Night,57.75
F,47,Saturday,Noon,54.857142857142854
F,47,Sunday,Eve,59.8
F,47,Sunday,Morning,65.0
F,47,Sunday,Night,56.5
F,47,Sunday,Noon,72.8
F,47,Thursday,Eve,66.8
F,47,Thursday,Morning,10.0
F,47,Thursday,Night,62.65384615384615
F,47,Thursday,Noon,39.77777777777778
F,47,Tuesday,Eve,63.75
F,47,Tuesday,Morning,62.0
F,47,Tuesday,Night,44.75
F,47,Tuesday,Noon,46.8
F,47,Wednesday,Eve,57.142857142857146
F,47,Wednesday,Morning,71.0
F,47,Wednesday,Night,59.11764705882353
F,47,Wednesday,Noon,63.0
F,48,Friday,Eve,52.81818181818182
F,48,Friday,Morning,65.0
F,48,Friday,Night,64.0
F,48,Friday,Noon,53.0
F,48,Monday,Eve,57.0
F,48,Monday,Morning,56.8
F,48,Monday,Night,49.25
F,48,Monday,Noon,52.666666666666664
F,48,Saturday,Eve,67.25
F,48,Saturday,Morning,54.666666666666664
F,48,Saturday,Night,55.5
F,48,Saturday,Noon,48.42857142857143
F,48,Sunday,Eve,51.25
F,48,Sunday,Morning,65.0
F,48,Sunday,Night,63.166666666666664
F,48,Sunday,Noon,65.0
F,48,Thursday,Eve,61.714285714285715
F,48,Thursday,Morning,58.5
F,48,Thursday,Night,53.96153846153846
F,48,Thursday,Noon,47.857142857142854
F,48,Tuesday,Eve,65.0
F,48,Tuesday,Morning,37.5
F,48,Tuesday,Night,57.75
F,48,Tuesday,Noon,67.83333333333333
F,48,Wednesday,Eve,56.42857142857143
F,48,Wednesday,Morning,30.0
F,48,Wednesday,Night,68.10526315789474
F,48,Wednesday,Noon,65.5
F,49,Friday,Eve,59.714285714285715
F,49,Friday,Morning,60.0
F,49,Friday,Night,63.63157894736842
F,49,Friday,Noon,51.5
F,49,Monday,Eve,59.75
F,49,Monday,Morning,64.5
F,49,Monday,Night,50.214285714285715
F,49,Monday,Noon,55.5
F,49,Saturday,Eve,46.25
F,49,Saturday,Morning,40.0
F,49,Saturday,Night,66.9
F,49,Saturday,Noon,52.285714285714285
F,49,Sunday,Eve,65.0
F,49,Sunday,Morning,66.0
F,49,Sunday,Night,63.55555555555556
F,49,Sunday,Noon,37.5
F,49,Thursday,Eve,62.0
F,49,Thursday,Morning,60.833333333333336
F,49,Thursday,Night,61.94117647058823
F,49,Thursday,Noon,53.54545454545455
F,49,Tuesday,Eve,60.25
F,49,Tuesday,Night,52.166666666666664
F,49,Tuesday,Noon,60.166666666666664
F,49,Wednesday,Eve,61.42857142857143
F,49,Wednesday,Morning,25.0
F,49,Wednesday,Night,59.785714285714285
F,49,Wednesday,Noon,65.0
F,50,Friday,Eve,53.13333333333333
F,50,Friday,Morning,56.2
F,50,Friday,Night,65.11764705882354
F,50,Friday,Noon,77.0
F,50,Monday,Eve,67.0
F,50,Monday,Morning,62.285714285714285
F,50,Monday,Night,58.06666666666667
F,50,Monday,Noon,59.666666666666664
F,50,Saturday,Eve,54.0
F,50,Saturday,Morning,49.7
F,50,Saturday,Night,53.22222222222222
F,50,Saturday,Noon,57.416666666666664
F,50,Sunday,Eve,65.0
F,50,Sunday,Morning,51.333333333333336
F,50,Sunday,Night,55.416666666666664
F,50,Sunday,Noon,58.75
F,50,Thursday,Eve,59.42857142857143
F,50,Thursday,Morning,65.0
F,50,Thursday,Night,58.5
F,50,Thursday,Noon,60.8
F,50,Tuesday,Eve,64.0
F,50,Tuesday,Morning,55.333333333333336
F,50,Tuesday,Night,60.285714285714285
F,50,Tuesday,Noon,49.5
F,50,Wednesday,Eve,56.07692307692308
F,50,Wednesday,Morning,67.66666666666667
F,50,Wednesday,Night,62.15384615384615
F,50,Wednesday,Noon,54.0
F,51,Friday,Eve,62.0
F,51,Friday,Night,65.0
F,51,Monday,Morning,37.5
F,51,Monday,Night,63.0
F,51,Monday,Noon,37.5
F,51,Saturday,Night,65.0
F,51,Saturday,Noon,65.5
F,51,Sunday,Eve,65.0
F,51,Sunday,Night,65.0
F,51,Thursday,Eve,10.0
F,51,Thursday,Morning,65.0
F,51,Thursday,Night,92.0
F,51,Thursday,Noon,40.0
F,51,Tuesday,Night,56.333333333333336
F,51,Tuesday,Noon,62.0
F,51,Wednesday,Eve,46.0
F,51,Wednesday,Morning,65.0
F,51,Wednesday,Night,62.75
F,52,Friday,Eve,52.333333333333336
F,52,Friday,Night,65.0
F,52,Monday,Eve,65.5
F,52,Monday,Morning,69.0
F,52,Monday,Night,68.4
F,52,Monday,Noon,55.0
F,52,Saturday,Night,65.0
F,52,Saturday,Noon,55.0
F,52,Sunday,Morning,65.0
F,52,Sunday,Night,96.0
F,52,Sunday,Noon,84.0
F,52,Thursday,Night,66.83333333333333
F,52,Thursday,Noon,42.0
F,52,Tuesday,Eve,67.0
F,52,Tuesday,Morning,10.0
F,52,Tuesday,Night,63.0
F,52,Tuesday,Noon,48.25
F,52,Wednesday,Night,71.75
F,53,Friday,Morning,46.0
F,53,Friday,Night,71.0
F,53,Friday,Noon,52.0
F,53,Monday,Morning,40.0
F,53,Monday,Night,65.5
F,53,Monday,Noon,52.0
F,53,Saturday,Morning,70.5
F,53,Saturday,Night,63.75
F,53,Saturday,Noon,54.0
F,53,Sunday,Night,65.0
F,53,Tuesday,Morning,43.5
F,53,Tuesday,Noon,47.5
F,53,Wednesday,Eve,65.0
F,53,Wednesday,Morning,65.0
F,53,Wednesday,Night,73.0
F,54,Friday,Eve,62.0
F,54,Friday,Morning,65.0
F,54,Monday,Eve,65.0
F,54,Monday,Night,65.5
F,54,Monday,Noon,54.0
F,54,Saturday,Eve,10.0
F,54,Saturday,Night,40.0
F,54,Saturday,Noon,62.4
F,54,Sunday,Eve,10.0
F,54,Sunday,Night,65.0
F,54,Sunday,Noon,65.0
F,54,Thursday,Morning,65.0
F,54,Thursday,Night,10.0
F,54,Thursday,Noon,54.333333333333336
F,54,Tuesday,Eve,36.0
F,54,Tuesday,Morning,54.0
F,54,Tuesday,Night,61.2
F,54,Tuesday,Noon,62.0
F,54,Wednesday,Morning,65.0
F,54,Wednesday,Night,65.0
F,55,Friday,Eve,59.0
F,55,Friday,Morning,40.0
F,55,Friday,Night,66.2
F,55,Monday,Eve,65.0
F,55,Monday,Morning,65.0
F,55,Monday,Night,10.0
F,55,Monday,Noon,94.0
F,55,Saturday,Night,65.0
F,55,Saturday,Noon,57.666666666666664
F,55,Sunday,Night,65.0
F,55,Sunday,Noon,65.0
F,55,Thursday,Eve,65.0
F,55,Thursday,Night,65.0
F,55,Tuesday,Morning,65.0
F,55,Tuesday,Night,55.5
F,55,Tuesday,Noon,58.0
F,55,Wednesday,Eve,65.0
F,55,Wednesday,Night,61.666666666666664
F,56,Friday,Eve,38.0
F,56,Friday,Morning,65.0
F,56,Friday,Noon,52.0
F,56,Monday,Eve,65.0
F,56,Monday,Morning,65.0
F,56,Monday,Night,56.333333333333336
F,56,Monday,Noon,62.0
F,56,Saturday,Night,62.0
F,56,Saturday,Noon,55.5
F,56,Sunday,Eve,40.0
F,56,Sunday,Noon,65.0
F,56,Thursday,Eve,65.0
F,56,Thursday,Night,65.0
F,56,Thursday,Noon,79.5
F,56,Tuesday,Eve,65.0
F,56,Tuesday,Noon,66.5
F,56,Wednesday,Eve,58.0
F,56,Wednesday,Morning,43.0
F,56,Wednesday,Night,65.0
F,56,Wednesday,Noon,65.0
F,57,Friday,Eve,63.5
F,57,Friday,Morning,65.0
F,57,Friday,Night,10.0
F,57,Monday,Eve,54.666666666666664
F,57,Monday,Morning,65.0
F,57,Monday,Night,40.0
F,57,Monday,Noon,67.66666666666667
F,57,Saturday,Eve,52.5
F,57,Saturday,Morning,96.0
F,57,Saturday,Night,48.0
F,57,Thursday,Morning,65.0
F,57,Thursday,Night,78.0
F,57,Tuesday,Night,43.666666666666664
F,57,Wednesday,Eve,55.5
F,57,Wednesday,Night,65.0
F,57,Wednesday,Noon,66.0
F,58,Friday,Eve,65.0
F,58,Friday,Morning,65.0
F,58,Friday,Night,55.0
F,58,Monday,Eve,68.5
F,58,Monday,Noon,55.0
F,58,Saturday,Night,57.2
F,58,Sunday,Eve,65.0
F,58,Sunday,Morning,65.0
F,58,Sunday,Night,47.0
F,58,Sunday,Noon,92.0
F,58,Thursday,Morning,65.0
F,58,Thursday,Night,100.0
F,58,Thursday,Noon,65.0
F,58,Tuesday,Eve,68.25
F,58,Tuesday,Morning,40.0
F,58,Tuesday,Night,52.0
F,58,Tuesday,Noon,66.0
F,58,Wednesday,Morning,58.333333333333336
F,58,Wednesday,Night,65.33333333333333
F,58,Wednesday,Noon,52.5
F,59,Friday,Eve,63.5
F,59,Friday,Night,65.0
F,59,Friday,Noon,55.5
F,59,Monday,Eve,65.0
F,59,Monday,Night,56.2
F,59,Monday,Noon,40.0
F,59,Saturday,Eve,62.75
F,59,Saturday,Noon,52.0
F,59,Sunday,Morning,65.66666666666667
F,59,Sunday,Night,66.0
F,59,Thursday,Morning,65.0
F,59,Thursday,Night,56.333333333333336
F,59,Thursday,Noon,72.0
F,59,Tuesday,Eve,65.5
F,59,Tuesday,Morning,94.0
F,59,Tuesday,Night,52.5
F,59,Tuesday,Noon,65.0
F,59,Wednesday,Eve,66.0
F,59,Wednesday,Night,43.0
F,60,Friday,Eve,52.0
F,60,Friday,Night,49.5
F,60,Friday,Noon,52.0
F,60,Monday,Night,65.0
F,60,Monday,Noon,55.333333333333336
F,60,Saturday,Night,64.0
F,60,Saturday,Noon,52.0
F,60,Sunday,Night,52.25
F,60,Thursday,Eve,37.5
F,60,Thursday,Morning,67.0
F,60,Thursday,Night,51.0
F,60,Tuesday,Morning,38.0
F,60,Tuesday,Night,51.375
F,60,Tuesday,Noon,40.333333333333336
F,60,Wednesday,Morning,96.0
F,60,Wednesday,Night,52.25
F,60,Wednesday,Noon,52.0
F,61,Friday,Eve,62.25
F,61,Friday,Night,51.0
F,61,Monday,Eve,65.0
F,61,Monday,Morning,10.0
F,61,Monday,Night,52.25
F,61,Monday,Noon,94.0
F,61,Saturday,Night,56.25
F,61,Saturday,Noon,62.0
F,61,Sunday,Eve,65.0
F,61,Thursday,Eve,5.0
F,61,Thursday,Morning,65.33333333333333
F,61,Thursday,Night,78.0
F,61,Thursday,Noon,52.5
F,61,Tuesday,Eve,60.666666666666664
F,61,Tuesday,Morning,62.0
F,61,Tuesday,Night,65.28571428571429
F,61,Wednesday,Eve,56.0
F,61,Wednesday,Morning,81.5
F,61,Wednesday,Night,69.0
F,62,Friday,Night,58.5
F,62,Monday,Night,64.0
F,62,Monday,Noon,40.0
F,62,Saturday,Eve,46.0
F,62,Saturday,Night,58.666666666666664
F,62,Saturday,Noon,63.0
F,62,Sunday,Morning,66.0
F,62,Sunday,Night,65.0
F,62,Sunday,Noon,10.0
F,62,Thursday,Night,74.0
F,62,Tuesday,Morning,10.0
F,62,Tuesday,Night,46.0
F,62,Wednesday,Eve,58.666666666666664
F,62,Wednesday,Morning,10.0
F,62,Wednesday,Night,65.0
F,62,Wednesday,Noon,46.0
F,63,Friday,Morning,39.0
F,63,Friday,Night,59.5
F,63,Friday,Noon,10.0
F,63,Monday,Eve,61.25
F,63,Monday,Night,89.0
F,63,Monday,Noon,40.0
F,63,Saturday,Morning,82.0
F,63,Saturday,Night,65.2
F,63,Saturday,Noon,53.0
F,63,Thursday,Eve,65.0
F,63,Thursday,Night,10.0
F,63,Thursday,Noon,64.5
F,63,Tuesday,Morning,50.666666666666664
F,63,Tuesday,Night,65.25
F,63,Wednesday,Eve,65.0
F,63,Wednesday,Night,65.0
F,63,Wednesday,Noon,46.0
F,64,Friday,Eve,57.666666666666664
F,64,Friday,Night,25.0
F,64,Monday,Eve,65.0
F,64,Monday,Morning,65.0
F,64,Monday,Night,65.0
F,64,Monday,Noon,49.5
F,64,Saturday,Eve,65.0
F,64,Saturday,Night,64.25
F,64,Sunday,Eve,37.5
F,64,Sunday,Night,58.75
F,64,Sunday,Noon,10.0
F,64,Thursday,Eve,65.0
F,64,Thursday,Night,54.285714285714285
F,64,Thursday,Noon,39.0
F,64,Tuesday,Morning,50.5
F,64,Tuesday,Night,50.0
F,64,Wednesday,Night,64.6
F,65,Friday,Eve,59.333333333333336
F,65,Friday,Morning,65.0
F,65,Friday,Night,55.6
F,65,Friday,Noon,49.0
F,65,Monday,Eve,65.33333333333333
F,65,Monday,Morning,66.0
F,65,Monday,Night,64.0
F,65,Monday,Noon,53.5
F,65,Saturday,Eve,65.0
F,65,Saturday,Morning,55.5
F,65,Saturday,Night,10.0
F,65,Saturday,Noon,54.666666666666664
F,65,Sunday,Eve,65.0
F,65,Sunday,Night,52.5
F,65,Thursday,Eve,65.0
F,65,Thursday,Noon,51.25
F,65,Tuesday,Eve,65.0
F,65,Tuesday,Night,65.0
F,65,Tuesday,Noon,52.0
F,65,Wednesday,Eve,24.5
F,65,Wednesday,Morning,69.0
F,65,Wednesday,Night,65.33333333333333
F,66,Friday,Night,49.5
F,66,Monday,Eve,65.0
F,66,Monday,Morning,65.0
F,66,Saturday,Night,65.0
F,66,Tuesday,Night,65.0
F,66,Tuesday,Noon,62.0
F,66,Wednesday,Night,65.0
F,67,Friday,Morning,62.0
F,67,Friday,Night,65.0
F,67,Tuesday,Eve,65.0
F,67,Wednesday,Night,65.5
F,68,Friday,Night,40.0
F,68,Monday,Morning,65.0
F,68,Monday,Noon,63.5
F,68,Saturday,Night,65.0
F,68,Thursday,Morning,65.0
F,68,Thursday,Night,94.0
F,68,Tuesday,Night,46.0
F,68,Wednesday,Eve,65.0
F,68,Wednesday,Night,65.0
F,69,Friday,Night,65.0
F,69,Monday,Eve,65.0
F,69,Monday,Noon,39.0
F,69,Sunday,Morning,34.0
F,69,Sunday,Night,65.0
F,69,Thursday,Eve,46.0
F,69,Thursday,Night,65.0
F,69,Wednesday,Eve,65.0
F,69,Wednesday,Night,65.0
F,70,Monday,Noon,52.0
F,70,Saturday,Eve,52.0
F,70,Sunday,Night,65.0
F,70,Wednesday,Night,69.0
F,71,Monday,Eve,65.0
F,71,Monday,Night,92.0
F,71,Saturday,Morning,18.0
F,71,Saturday,Night,65.0
F,71,Sunday,Morning,78.0
F,71,Sunday,Night,65.0
F,71,Thursday,Night,10.0
F,71,Tuesday,Night,55.5
F,72,Friday,Eve,46.0
F,72,Friday,Night,65.0
F,72,Friday,Noon,39.0
F,72,Monday,Eve,65.0
F,72,Thursday,Morning,65.0
F,72,Thursday,Night,92.0
F,72,Tuesday,Eve,52.0
F,72,Wednesday,Noon,55.5
F,73,Friday,Eve,65.0
F,73,Friday,Night,65.0
F,73,Monday,Noon,65.0
F,73,Saturday,Night,65.0
F,73,Thursday,Night,65.0
F,73,Thursday,Noon,62.0
F,74,Friday,Night,58.0
F,74,Monday,Morning,65.0
F,74,Sunday,Noon,65.0
F,74,Thursday,Night,31.0
F,74,Tuesday,Night,65.0
F,74,Wednesday,Morning,65.0
F,75,Friday,Night,57.0
F,75,Friday,Noon,46.0
F,75,Monday,Morning,65.0
F,75,Monday,Noon,46.0
F,75,Thursday,Noon,65.0
F,75,Tuesday,Morning,40.0
F,75,Tuesday,Night,42.0
F,75,Wednesday,Night,65.0
F,75,Wednesday,Noon,66.0
F,76,Sunday,Morning,65.0
F,76,Sunday,Night,65.0
F,76,Sunday,Noon,65.0
F,76,Tuesday,Eve,65.0
F,77,Friday,Morning,65.0
F,77,Friday,Night,65.0
F,77,Monday,Night,65.0
F,77,Saturday,Night,66.0
F,77,Thursday,Night,65.0
F,77,Tuesday,Noon,62.0
F,77,Wednesday,Night,68.0
F,78,Saturday,Night,65.0
F,78,Thursday,Night,65.0
F,78,Tuesday,Night,65.0
F,78,Wednesday,Eve,38.0
F,78,Wednesday,Night,46.0
F,78,Wednesday,Noon,46.0
F,79,Friday,Eve,65.0
F,79,Friday,Night,65.0
F,79,Monday,Eve,65.0
F,79,Sunday,Eve,94.0
F,79,Thursday,Noon,65.0
F,80,Saturday,Morning,37.5
F,80,Thursday,Night,65.0
F,80,Tuesday,Eve,65.0
M,25,Friday,Eve,46.0
M,26,Friday,Eve,92.0
M,26,Friday,Morning,65.0
M,26,Friday,Night,65.0
M,26,Tuesday,Night,39.0
M,27,Friday,Eve,65.0
M,27,Saturday,Morning,46.0
M,27,Thursday,Eve,34.0
M,27,Thursday,Night,52.0
M,28,Friday,Eve,52.333333333333336
M,28,Friday,Night,66.0
M,28,Friday,Noon,65.5
M,28,Sunday,Night,39.0
M,28,Thursday,Night,10.0
M,28,Tuesday,Eve,62.0
M,29,Friday,Eve,65.0
M,29,Friday,Morning,69.0
M,29,Friday,Night,54.0
M,29,Friday,Noon,65.0
M,29,Monday,Eve,39.0
M,29,Tuesday,Night,52.0
M,30,Friday,Eve,40.0
M,30,Friday,Morning,65.0
M,30,Friday,Night,66.0
M,30,Friday,Noon,66.0
M,30,Saturday,Morning,46.0
M,30,Thursday,Eve,34.0
M,30,Thursday,Night,46.0
M,31,Friday,Eve,65.0
M,31,Friday,Night,66.0
M,31,Monday,Night,39.0
M,31,Saturday,Night,46.0
M,31,Thursday,Eve,65.0
M,31,Tuesday,Eve,62.0
M,31,Tuesday,Night,39.0
M,31,Wednesday,Night,46.0
M,32,Friday,Eve,66.0
M,32,Friday,Morning,46.0
M,32,Friday,Noon,65.0
M,32,Saturday,Night,40.0
M,32,Thursday,Eve,34.0
M,33,Friday,Eve,65.5
M,33,Friday,Night,61.5
M,33,Tuesday,Eve,62.0
M,34,Friday,Night,65.0
M,34,Friday,Noon,65.0
M,34,Monday,Eve,39.0
M,34,Wednesday,Night,54.0
M,35,Friday,Eve,65.0
M,35,Friday,Night,63.0
M,35,Monday,Eve,39.0
M,35,Tuesday,Night,62.0
M,36,Friday,Eve,58.75
M,36,Friday,Night,65.0
M,36,Friday,Noon,46.0
M,36,Tuesday,Morning,62.0
M,36,Wednesday,Night,46.0
M,37,Friday,Eve,53.75
M,37,Friday,Noon,66.0
M,37,Tuesday,Night,62.0
M,38,Friday,Eve,62.0
M,38,Friday,Night,75.33333333333333
M,38,Thursday,Eve,65.0
M,38,Tuesday,Eve,62.0
M,39,Friday,Eve,52.5
M,39,Friday,Night,62.0
M,40,Friday,Morning,65.0
M,40,Friday,Night,65.0
M,40,Friday,Noon,72.0
M,40,Saturday,Night,40.0
M,41,Friday,Eve,52.5
M,41,Saturday,Morning,58.0
M,41,Thursday,Night,65.0
M,42,Friday,Eve,65.0
M,42,Friday,Night,56.333333333333336
M,43,Friday,Eve,65.0
M,43,Friday,Night,55.5
M,43,Tuesday,Night,62.0
M,44,Friday,Eve,65.0
M,44,Friday,Morning,69.0
M,44,Thursday,Eve,46.0
M,44,Wednesday,Eve,62.0
M,45,Friday,Eve,46.0
M,45,Friday,Night,66.0
M,45,Friday,Noon,67.66666666666667
M,45,Monday,Eve,39.0
M,45,Thursday,Night,52.0
M,46,Friday,Eve,55.5
M,46,Friday,Night,69.0
M,46,Friday,Noon,65.0
M,46,Saturday,Morning,46.0
M,46,Saturday,Night,52.0
M,47,Friday,Eve,65.0
M,47,Friday,Noon,46.0
M,47,Saturday,Night,40.0
M,48,Friday,Eve,60.0
M,48,Friday,Night,55.0
M,48,Saturday,Morning,46.0
M,48,Wednesday,Night,62.0
M,49,Friday,Eve,89.0
M,49,Friday,Noon,69.5
M,49,Tuesday,Night,52.0
M,49,Wednesday,Night,62.0
M,50,Friday,Eve,65.0
M,50,Friday,Night,61.666666666666664
M,50,Friday,Noon,66.0
M,50,Saturday,Morning,46.0
M,50,Sunday,Night,39.0
M,54,Thursday,Eve,65.0
M,55,Friday,Morning,69.0
M,58,Friday,Eve,85.0
M,58,Friday,Morning,69.0
M,58,Saturday,Morning,46.0
M,60,Friday,Eve,40.0
